{"isStage":false,"name":"fatal error","variables":{},"lists":{},"broadcasts":{},"blocks":{".":{"opcode":"event_whenbroadcastreceived","next":"E","parent":null,"inputs":{},"fields":{"BROADCAST_OPTION":["error/fatal","uGHLZDYD5ynC!n)68)r]"]},"shadow":false,"topLevel":true,"x":330,"y":100},"E":{"opcode":"looks_show","next":"k","parent":".","inputs":{},"fields":{},"shadow":false,"topLevel":false},"k":{"opcode":"looks_switchcostumeto","next":"l","parent":"E","inputs":{"COSTUME":[1,"/"]},"fields":{},"shadow":false,"topLevel":false},"/":{"opcode":"looks_costume","next":null,"parent":"k","inputs":{},"fields":{"COSTUME":["bsod",null]},"shadow":true,"topLevel":false},"l":{"opcode":"control_create_clone_of","next":"F","parent":"k","inputs":{"CLONE_OPTION":[1,":"]},"fields":{},"shadow":false,"topLevel":false},":":{"opcode":"control_create_clone_of_menu","next":null,"parent":"l","inputs":{},"fields":{"CLONE_OPTION":["_myself_",null]},"shadow":true,"topLevel":false},"F":{"opcode":"looks_gotofrontback","next":"G","parent":"l","inputs":{},"fields":{"FRONT_BACK":["front",null]},"shadow":false,"topLevel":false},"G":{"opcode":"sound_stopallsounds","next":"H","parent":"F","inputs":{},"fields":{},"shadow":false,"topLevel":false},"H":{"opcode":"text_setColor","next":"I","parent":"G","inputs":{"COLOR":[1,[9,"#ffffff"]]},"fields":{},"shadow":false,"topLevel":false},"I":{"opcode":"text_setFont","next":"m","parent":"H","inputs":{},"fields":{"FONT":["\"SofiaProRegular\", Sans Serif",null]},"shadow":false,"topLevel":false},"m":{"opcode":"text_setText","next":"J","parent":"I","inputs":{"TEXT":[3,";",[10,"Fatal error:"]]},"fields":{},"shadow":false,"topLevel":false},";":{"opcode":"operator_join","next":null,"parent":"m","inputs":{"STRING1":[1,[10,"Error:"]],"STRING2":[3,[12,"error/reason","UEzi5M3E?_.ITeU:HD+I"],[10,"banana"]]},"fields":{},"shadow":false,"topLevel":false},"J":{"opcode":"text_addLine","next":"K","parent":"m","inputs":{"TEXT":[1,[10,"We will restart the system shortly"]]},"fields":{},"shadow":false,"topLevel":false},"K":{"opcode":"text_addLine","next":"L","parent":"J","inputs":{"TEXT":[1,[10,"The system will autoreport this error to DartOS"]]},"fields":{},"shadow":false,"topLevel":false},"L":{"opcode":"cubesterTurboHook_webhook","next":null,"parent":"K","inputs":{"hookDATA":[2,"n"],"hookURL":[1,[10,"https://discord.com/api/webhooks/1171727225951883304/ObWgmXD8EArdHhPeaHToYd449veuWElgQmOIchpEh8x7qwOHrpVaeQ3TrLKVCffcklRj"]]},"fields":{},"shadow":false,"topLevel":false},"n":{"opcode":"cubesterTurboHook_params","next":null,"parent":"L","inputs":{"MENU":[1,"="],"DATA":[3,"o",[10,""]]},"fields":{},"shadow":false,"topLevel":false},"=":{"opcode":"cubesterTurboHook_menu_PARAMS","next":null,"parent":"n","inputs":{},"fields":{"PARAMS":["content",null]},"shadow":true,"topLevel":false},"o":{"opcode":"operator_join","next":null,"parent":"n","inputs":{"STRING1":[3,"?",[10,"Error:"]],"STRING2":[3,"M",[10,"i"]]},"fields":{},"shadow":false,"topLevel":false},"?":{"opcode":"operator_join","next":null,"parent":"o","inputs":{"STRING1":[1,[10,"Error:"]],"STRING2":[3,[12,"error/reason","UEzi5M3E?_.ITeU:HD+I"],[10,"banana"]]},"fields":{},"shadow":false,"topLevel":false},"M":{"opcode":"operator_join","next":null,"parent":"o","inputs":{"STRING1":[1,[10," IP:"]],"STRING2":[3,"@",[10,"null"]]},"fields":{},"shadow":false,"topLevel":false},"@":{"opcode":"cloudlink_returnClientIP","next":null,"parent":"M","inputs":{},"fields":{},"shadow":false,"topLevel":false},"[":{"opcode":"event_whenbroadcastreceived","next":"]","parent":null,"inputs":{},"fields":{"BROADCAST_OPTION":["Boot/Startup/","a_n~H{M?.$^mpkeg^?^1"]},"shadow":false,"topLevel":true,"x":876,"y":125},"]":{"opcode":"looks_hide","next":null,"parent":"[","inputs":{},"fields":{},"shadow":false,"topLevel":false}},"comments":{},"currentCostume":0,"costumes":[{"name":"bsod","bitmapResolution":1,"dataFormat":"svg","assetId":"469458f91cb3e7cd36d093d8a0a1c3dc","md5ext":"469458f91cb3e7cd36d093d8a0a1c3dc.svg","rotationCenterX":246.5,"rotationCenterY":185}],"sounds":[],"volume":100,"visible":false,"x":0,"y":0,"size":100,"direction":90,"draggable":false,"rotationStyle":"all around","extensions":["text","cubesterTurboHook","cloudlink"],"extensionURLs":{"text":"https://extensions.turbowarp.org/lab/text.js","cubesterTurboHook":"https://extensions.turbowarp.org/CubesterYT/TurboHook.js","cloudlink":"https://extensions.turbowarp.org/cloudlink.js"},"customFonts":[{"system":false,"family":"SofiaProRegular","fallback":"Sans Serif","md5ext":"edbd56cb7b884040ecbec149d962679b.ttf"},{"system":true,"family":"Consolas","fallback":"Handwriting"}]}